country_code,country_name,population_density
🇲🇨,Monaco,26145.30200
🇲🇴,"China, Macao SAR",22309.7344
🇸🇬,Singapore,8475.9729
🇭🇰,"China, Hong Kong SAR",6772.2789
🇬🇮,Gibraltar,3847.05
🇧🇭,Bahrain,2004.6814
🇲🇻,Maldives,1753.3133
🇲🇹,Malta,1691.9238
🇧🇩,Bangladesh,1317.2543
🇸🇽,Sint Maarten,1257.3235
🇧🇲,Bermuda,1198.1111
🇻🇦,Holy See,1126.1364
🇬🇬,Guernsey,1000.2656
🇵🇸,State of Palestine,898.5385
🇯🇪,Jersey,893.7457
🇾🇹,Mayotte,842.708000
🇹🇼,Taiwan,658.4904
🇧🇧,Barbados,656.5953
🇲🇺,Mauritius,627.3833
🇦🇼,Aruba,599.6583
🇳🇷,Nauru,593.75
🇷🇼,Rwanda,576.3929
🇱🇧,Lebanon,564.3688
🇸🇲,San Marino,552.9918
🇳🇱,Netherlands,537.3326
🇧🇮,Burundi,527.5318
🇰🇷,Republic of Korea,523.0157
🇲🇫,Saint Martin,519.1415
🇧🇱,Saint Barthélemy,503.8636
🇮🇳,India,483.679000
🇰🇲,Comoros,456.9516
🇨🇼,Curaçao,437.3278
🇮🇱,Israel,427.6817
🇭🇹,Haiti,422.11900
🇧🇪,Belgium,386.845000
🇵🇭,Philippines,382.9707
🇵🇷,Puerto Rico,372.9892
🇱🇰,Sri Lanka,366.3443
🇷🇪,Reunion,349.9532
🇬🇩,Grenada,344.3559
🇯🇵,Japan,330.0505
🇹🇻,Tuvalu,327.1833
🇲🇶,Martinique,326.4165
🇵🇰,Pakistan,321.0675
🇻🇳,Vietnam,320.1956
🇬🇺,Guam,307.7754
🇸🇻,El Salvador,304.5185
🇰🇾,Cayman Islands,303.0622
🇹🇹,Trinidad and Tobago,292.9693
🇱🇨,Saint Lucia,291.0463
🇬🇧,United Kingdom,282.9475
🇸🇨,Seychelles,279.9792
🇰🇼,Kuwait,271.567000
🇬🇲,Gambia,266.5855
🇯🇲,Jamaica,262.2148
🇻🇨,Saint Vincent and the Grenadines,259.8013
🇶🇦,Qatar,257.1277
🇱🇺,Luxembourg,256.7946
🇻🇬,British Virgin Islands,253.1494
🇳🇬,Nigeria,250.2091
🇱🇮,Liechtenstein,247.4875
🇻🇮,United States Virgin Islands,244.86
🇺🇬,Uganda,243.51800
🇩🇪,Germany,242.5644
🇸🇹,Sao Tome and Principe,240.4911
🇦🇸,American Samoa,237.605000
🇩🇴,Dominican Republic,234.5484
🇬🇵,Guadeloupe,231.2755
🇲🇼,Malawi,223.205000
🇨🇭,Switzerland,221.8084
🇰🇵,Dem. People's Republic of Korea,219.4021
🇲🇭,Marshall Islands,215.7056
🇦🇬,Antigua and Barbuda,212.0807
🇳🇵,Nepal,201.7558
🇮🇹,Italy,201.0286
🇹🇰,Tokelau,199.7917
🇰🇮,Kiribati,182.5489
🇰🇳,Saint Kitts and Nevis,179.8385
🇦🇩,Andorra,172.034000
🇹🇬,Togo,171.0671
🇬🇹,Guatemala,169.1381
🇦🇮,Anguilla,163.75
🇹🇴,Tonga,160.9192
🇫🇲,Micronesia,160.9007
🇽🇰,Kosovo,155.8946
🇦🇪,United Arab Emirates,149.8378
🇬🇭,Ghana,148.4922
🇨🇳,China,148.1859
🇮🇩,Indonesia,147.1482
🇮🇲,Isle of Man,147.1425
🇨🇾,Cyprus,145.5601
🇹🇭,Thailand,140.3481
🇩🇰,Denmark,140.3061
🇨🇿,Czechia,140.0168
🇨🇻,Cabo Verde,129.6105
🇯🇴,Jordan,128.8287
🇪🇹,Ethiopia,128.6917
🇸🇾,Syrian Arab Republic,128.4341
🇵🇱,Poland,126.5957
🇧🇯,Benin,125.1422
🇦🇿,Azerbaijan,124.8301
🇫🇷,France,120.4955
🇸🇱,Sierra Leone,117.933000
🇪🇬,Egypt,115.0593
🇹🇷,Türkiye,113.3966
🇵🇹,Portugal,113.3961
🇸🇰,Slovakia,112.5376
🇦🇹,Austria,110.6464
🇭🇺,Hungary,106.9973
🇲🇾,Malaysia,106.9131
🇸🇮,Slovenia,105.194000
🇮🇶,Iraq,103.8266
🇦🇲,Armenia,103.4076
🇨🇺,Cuba,103.2235
🇦🇱,Albania,102.6226
🇨🇷,Costa Rica,99.9907
🇲🇵,Northern Mariana Islands,98.7812
🇨🇮,Cote d'Ivoire,98.0052
🇭🇳,Honduras,97.5929
🇰🇭,Cambodia,96.2459
🇪🇸,Spain,95.3741
🇰🇪,Kenya,95.2925
🇸🇳,Senegal,93.8948
🇲🇩,Republic of Moldova,93.275000
🇹🇱,Timor-Leste,93.0925
🇧🇶,"Bonaire, Sint Eustatius and Saba",91.154000
🇩🇲,Dominica,88.6807
🇷🇸,Serbia,88.2663
🇲🇦,Morocco,84.5003
🇧🇫,Burkina Faso,84.1585
🇺🇿,Uzbekistan,83.8089
🇷🇴,Romania,83.0964
🇲🇲,Myanmar,82.8633
🇼🇫,Wallis and Futuna Islands,81.2179
🇧🇳,Brunei Darussalam,79.6095
🇹🇳,Tunisia,78.4947
🇬🇷,Greece,78.2977
🇬🇼,Guinea-Bissau,76.5768
🇼🇸,Samoa,76.5594
🇵🇫,French Polynesia,76.308000
🇱🇸,Lesotho,76.1354
🇮🇪,Ireland,76.0108
🇹🇿,United Republic of Tanzania,75.2059
🇾🇪,Yemen,74.60800
🇧🇸,Bahamas,74.5503
🇲🇰,North Macedonia,73.5279
🇹🇯,Tajikistan,72.6052
🇪🇨,Ecuador,72.3952
🇸🇿,Eswatini,70.8694
🇭🇷,Croatia,69.7013
🇲🇽,Mexico,66.2192
🇬🇶,Equatorial Guinea,65.8663
🇺🇦,Ukraine,65.133000
🇦🇫,Afghanistan,63.8457
🇧🇬,Bulgaria,62.6942
🇧🇦,Bosnia and Herzegovina,62.2121
🇨🇲,Cameroon,60.8791
🇵🇦,Panama,60.1097
🇨🇰,Cook Islands,59.2583
🇬🇳,Guinea,58.6255
🇱🇷,Liberia,57.029000
🇳🇮,Nicaragua,56.7028
🇮🇷,Iran,55.6308
🇬🇪,Georgia,54.7919
🇲🇬,Madagascar,53.6201
🇿🇦,South Africa,51.7789
🇫🇯,Fiji,50.5827
🇩🇯,Djibouti,49.7387
🇹🇨,Turks and Caicos Islands,48.6295
🇨🇩,Democratic Republic of the Congo,46.664000
🇨🇴,Colombia,46.5620000
🇲🇪,Montenegro,45.8697
🇱🇹,Lithuania,45.5773
🇧🇾,Belarus,44.9247
🇲🇸,Montserrat,42.9175
🇲🇿,Mozambique,42.7721
🇿🇼,Zimbabwe,42.2407
🇫🇴,Faroe Islands,39.5043
🇵🇼,Palau,38.538000
🇺🇸,United States of America,37.5484
🇰🇬,Kyrgyzstan,36.8796
🇱🇦,Lao People's Democratic Republic,33.2105
🇪🇪,Estonia,31.4544
🇻🇪,Venezuela,30.8811
🇱🇻,Latvia,30.2505
🇦🇴,Angola,29.4777
🇸🇴,Somalia,29.2642
🇪🇷,Eritrea,28.6468
🇸🇩,Sudan,28.3521
🇿🇲,Zambia,27.8776
🇸🇧,Solomon Islands,27.7818
🇵🇪,Peru,26.4401
🇻🇺,Vanuatu,26.2845
🇨🇱,Chile,26.1089
🇸🇪,Sweden,25.9034
🇧🇷,Brazil,25.2617
🇵🇲,Saint Pierre and Miquelon,24.7022
🇵🇬,Papua New Guinea,22.9423
🇳🇪,Niger,20.652000
🇧🇹,Bhutan,20.482000
🇸🇸,South Sudan,20.355000
🇺🇾,Uruguay,19.5621
🇳🇿,New Zealand,19.5273
🇲🇱,Mali,19.4799
🇩🇿,Algeria,19.3826
🇫🇮,Finland,18.5237
🇳🇴,Norway,18.1417
🇨🇬,Congo,18.1051
🇧🇿,Belize,18.023000
🇵🇾,Paraguay,16.9216
🇴🇲,Oman,16.3143
🇦🇷,Argentina,16.3114
🇳🇨,New Caledonia,15.8572
🇹🇲,Turkmenistan,15.6714
🇸🇦,Saudi Arabia,15.474000
🇹🇩,Chad,15.3423
🇸🇭,Saint Helena,13.5603
🇧🇴,Bolivia,11.3027
🇬🇦,Gabon,9.6433
🇷🇺,Russian Federation,8.8815
🇨🇫,Central African Republic,8.2706
🇰🇿,Kazakhstan,7.5305
🇳🇺,Niue,6.9904
🇲🇷,Mauritania,4.8728
🇧🇼,Botswana,4.3764
🇱🇾,Libya,4.3585
🇨🇦,Canada,4.3217
🇬🇾,Guyana,4.1979
🇸🇷,Suriname,4.0313
🇮🇸,Iceland,3.8662
🇬🇫,French Guiana,3.691000
🇳🇦,Namibia,3.5991
🇦🇺,Australia,3.4431
🇲🇳,Mongolia,2.2035
🇪🇭,Western Sahara,2.1794
🇫🇰,Falkland Islands,0.2857
🇬🇱,Greenland,0.1362
