country_name,iso2,iso3,g_whoregion,e_tbhiv_prct,e_pop_num,e_inc_num,e_inc_tbhiv_num,e_mort_exc_tbhiv_num,e_mort_tbhiv_num,e_mort_num,cfr,cfr_pct,c_cdr,e_rr_pct_new,e_inc_rr_num,targets_number,doses,BCG_coverage,population_density,MPI_value,pop_in_MP_percent,total_smokers_2022_percent,avg_air_pollution_PM2-5_in_2023,e_tb_inc_prct,tb_severity,tb_severity_level
Afghanistan,AF,AFG,EMR,0.03,41454760,75000,19.0,10000.0,1.0,10000.0,0.14,14.0,66.0,2.1,1700,2057002.0,1969540.0,95.75,63.8457,0.271721237,55.91023926,22.7,,0.1809201162906262,Moderate,3
Albania,AL,ALB,EUR,1.1,2811661,430,4.0,7.0,3.0,10.0,0.02,2.0,71.0,1.3,10,22887.0,22703.0,99.2,102.6226,0.002747879,0.703561296,21.9,16.7,0.0152934510952778,Very Low,1
Algeria,DZ,DZA,AFR,0.83,46164214,22000,180.0,1800.0,34.0,1900.0,0.09,9.0,86.0,2.1,490,936973.0,924725.0,98.69,19.3826,0.005409093,1.38083493,21.2,13.8,0.0476559613903531,Very Low,1
American Samoa,AS,ASM,WPR,0.37,47521,2,0.0,0.37,0.08,,,,,2.2,0,,,,237.60500,,,,,0.004208665642558,Very Low,1
Andorra,AD,AND,EUR,0.47,80854,5,0.0,0.47,0.08,4.9,100.0,,,2.5,0,,,,172.034000,,,36.3,7.9,0.0061839859499839,Very Low,1
Angola,AO,AGO,AFR,7.9,36749909,125000,9800.0,19000.0,3200.0,22000.0,0.19,19.0,52.0,3.5,5700,1218526.0,1163980.0,95.52,29.4777,0.282435048,51.10411185,,7.8,0.3401368966655128,High,4
Anguilla,AI,AIA,AMR,8.2,14413,3,0.0,8.2,0.39,,,,,2.4,0,152.0,167.0,109.87,163.75,,,,7.4,0.0208145424269756,Very Low,1
Antigua and Barbuda,AG,ATG,AMR,1.2,93317,1,0.0,1.2,0.97,1.1,100.0,,,3.5,0,,,,212.0807,,,,,0.0010716161042468,Very Low,1
Argentina,AR,ARG,AMR,6.1,45538407,16000,980.0,530.0,300.0,830.0,0.05,5.0,87.0,1.8,380,494208.0,339846.0,68.77,16.3114,0.001469295,0.432323335,23.8,9.2,0.0351351772142578,Very Low,1
Armenia,AM,ARM,EUR,11.0,2943390,720,83.0,10.0,36.0,46.0,0.07,7.0,56.0,18.0,170,32766.0,32287.0,98.54,103.4076,0.000690069,0.190553383,24.9,26.4,0.02446159020721,Very Low,1
Aruba,AW,ABW,AMR,0.29,107935,4,0.0,0.29,0.08,,,,,3.3,0,,,,599.6583,,,,,0.0037059341270208,Very Low,1
Australia,AU,AUS,WPR,1.8,26451115,1600,30.0,34.0,5.0,62.0,0.04,4.0,87.0,2.4,47,,,,3.4431,,,13.1,4.5,0.0060488943471759,Very Low,1
Austria,AT,AUT,EUR,2.2,9130417,470,10.0,30.0,2.0,44.0,0.09,9.0,87.0,2.5,18,,,,110.6464,,,24.9,9.6,0.0051476290732394,Very Low,1
Azerbaijan,AZ,AZE,EUR,1.5,10318209,7400,110.0,490.0,46.0,530.0,0.07,7.0,54.0,12.0,1500,105611.0,100810.0,95.45,124.8301,,,19.6,18.8,0.0717178727432251,Low,2
Bahamas,BS,BHS,AMR,33.0,399445,31,10.0,2.0,1.0,4.0,0.12,12.0,87.0,4.1,1,,,,74.5503,,,11.3,5.2,0.0077607680656911,Very Low,1
Bahrain,BH,BHR,EMR,5.1,1569662,190,10.0,15.0,2.0,16.0,0.09,9.0,87.0,2.1,4,5229.0,5229.0,100.0,2004.6814,,,15.0,39.2,0.0121045167685782,Very Low,1
Bangladesh,BD,BGD,SEA,0.2,171466988,379000,740.0,44000.0,170.0,44000.0,0.12,12.0,80.0,1.1,5000,3360164.0,4229615.0,125.9,1317.2543,0.104060266,24.64057321,32.9,79.9,0.221033800395444,Moderate,3
Barbados,BB,BRB,AMR,17.0,282338,2,0.0,2.0,0.0,2.0,1.0,100.0,87.0,2.1,0,,,,656.5953,0.008528862,2.491336892,7.0,,0.0007083708179557,Very Low,1
Belarus,BY,BLR,EUR,8.2,9115675,2500,200.0,190.0,98.0,290.0,0.12,12.0,62.0,39.0,1200,60202.0,58846.0,97.75,44.9247,,,30.1,,0.0274252866628088,Very Low,1
Belgium,BE,BEL,EUR,3.7,11712891,880,33.0,33.0,7.0,40.0,0.05,5.0,29.0,1.6,26,,,,386.845000,,,26.7,9.4,0.0075130896377333,Very Low,1
Belize,BZ,BLZ,AMR,15.0,411105,110,17.0,6.0,5.0,11.0,0.1,10.0,74.0,0.94,2,6229.0,5480.0,87.98,18.023000,0.017108831,4.303543429,8.8,8.3,0.0267571544982425,Very Low,1
Benin,BJ,BEN,AFR,12.0,14111025,7100,860.0,1200.0,310.0,1500.0,0.22,22.0,60.0,0.8,73,448208.0,512705.0,114.39,125.1422,0.367674824,66.79888849,6.3,,0.050315267671909,Low,2
Bermuda,BM,BMU,AMR,0.0,64703,2,0.0,0.0,0.0,0.0,0.08,8.0,87.0,2.1,0,1.0,,,1198.1111,,,,4.1,0.003091046782993,Very Low,1
Bhutan,BT,BTN,SEA,0.69,786378,1300,9.0,220.0,3.0,220.0,0.17,17.0,65.0,12.0,160,9847.0,9516.0,96.64,20.482000,,,18.7,,0.1653148994503915,Moderate,3
Bolivia,BO,BOL,AMR,5.6,12244156,13000,710.0,1300.0,120.0,1400.0,0.11,11.0,73.0,1.5,260,237693.0,175255.0,73.73,11.3027,0.03775427,9.060217299,12.4,12.6,0.1061731000487089,Moderate,3
Bosnia and Herzegovina,BA,BIH,EUR,0.2,3185078,750,2.0,68.0,0.0,69.0,0.09,9.0,59.0,0.23,2,25912.0,24708.0,95.35,62.2121,0.008307496,2.190133494,36.2,27.5,0.0235473040220679,Very Low,1
Botswana,BW,BWA,AFR,45.0,2480246,6000,2600.0,710.0,1100.0,1800.0,0.3,30.0,29.0,4.1,250,58489.0,43649.0,74.63,4.3764,0.072638699,17.21929558,18.7,,0.241911487812096,Moderate,3
Brazil,BR,BRA,AMR,19.0,211140731,103000,20000.0,9700.0,3300.0,13000.0,0.13,13.0,89.0,1.6,3300,2534306.0,2004532.0,79.1,25.2617,0.016346041,3.841926866,12.2,12.6,0.0487826292502511,Very Low,1
British Virgin Islands,VG,VGB,AMR,0.0,38989,0,0.0,0.0,0.0,,,,,3.6,0,,,,253.1494,,,,,0.0,Very Low,1
Brunei Darussalam,BN,BRN,WPR,2.0,458954,300,6.0,24.0,0.0,24.0,0.08,8.0,87.0,0.34,1,6088.0,6088.0,100.0,79.6095,,,16.4,,0.0653660279679445,Low,2
Bulgaria,BG,BGR,EUR,0.47,6795799,1100,5.0,95.0,0.0,95.0,0.09,9.0,80.0,1.9,33,48418.0,46727.0,96.51,62.6942,,,39.5,13.2,0.0161864704944922,Very Low,1
Burkina Faso,BF,BFA,AFR,6.5,23025766,9800,640.0,710.0,110.0,830.0,0.09,9.0,88.0,0.98,140,891192.0,902733.0,101.3,84.1585,,,14.3,46.6,0.0425610162111436,Very Low,1
Burundi,BI,BDI,AFR,5.9,13689449,13000,750.0,2200.0,270.0,2500.0,0.2,20.0,62.0,1.6,280,615578.0,431149.0,70.04,527.5318,0.408861094,75.09747265,11.2,,0.0949636468202628,Low,2
Cabo Verde,CV,CPV,AFR,11.0,522332,250,27.0,24.0,6.0,30.0,0.13,13.0,80.0,0.71,3,,,,129.6105,,,11.0,,0.0478622791634439,Very Low,1
Cambodia,KH,KHM,WPR,1.3,17423885,58000,740.0,3700.0,620.0,4300.0,0.08,8.0,55.0,1.5,980,346821.0,316632.0,91.3,96.2459,0.070367915,16.64469696,17.2,22.8,0.3328763935253245,High,4
Cameroon,CM,CMR,AFR,17.0,28372684,43000,7100.0,6900.0,2600.0,9600.0,0.24,24.0,59.0,1.3,650,1030034.0,962500.0,93.44,60.8791,0.232060113,43.59163626,6.5,24.0,0.1515542202493074,Moderate,3
Canada,CA,CAN,AMR,2.8,39299105,2300,65.0,82.0,12.0,93.0,0.04,4.0,97.0,1.1,39,,,,4.3217,,,12.0,10.3,0.0058525505860756,Very Low,1
Cayman Islands,KY,CYM,AMR,0.0,73035,3,0.0,0.0,0.0,0.0,0.08,8.0,87.0,1.3,0,765.0,725.0,94.77,303.0622,,,,,0.0041076196344218,Very Low,1
Central African Republic,CF,CAF,AFR,23.0,5152418,28000,6400.0,4700.0,2600.0,7300.0,0.27,27.0,53.0,1.4,460,223981.0,207545.0,92.66,8.2706,0.461347524,80.4141778,,,0.543434170131383,Critical,5
Chad,TD,TCD,AFR,11.0,19319066,27000,3000.0,4700.0,1100.0,5800.0,0.22,22.0,59.0,1.5,440,891044.0,974906.0,109.41,15.3423,0.517011207,84.17494747,7.4,,0.1397583092267504,Moderate,3
Chile,CL,CHL,AMR,9.3,19658834,3600,340.0,160.0,75.0,230.0,0.07,7.0,87.0,2.3,97,172730.0,169655.0,98.22,26.1089,,,28.7,18.8,0.0183123780382905,Very Low,1
China,CN,CHN,WPR,1.3,1422584930,741000,9500.0,25000.0,2000.0,27000.0,0.04,4.0,76.0,2.9,29000,8450313.0,8352584.0,98.84,148.1859,0.016066725,3.885020096,23.4,32.5,0.0520882784833099,Low,2
Hong Kong SAR,HK,HKG,WPR,0.79,7442727,3700,29.0,120.0,12.0,130.0,0.04,4.0,87.0,0.97,42,33229.0,32150.0,96.75,6772.2789,,,,15.6,0.0497129613917049,Very Low,1
Macao SAR,MO,MAC,WPR,1.0,713923,360,4.0,29.0,1.0,30.0,0.08,8.0,87.0,2.2,10,4209.0,4188.0,99.5,22309.7344,,,,16.2,0.0504256061227891,Low,2
Colombia,CO,COL,AMR,15.0,52321145,24000,3500.0,1400.0,910.0,2300.0,0.1,10.0,83.0,5.4,1200,596676.0,517672.0,86.76,46.562000,0.019657273,4.846250368,8.2,14.1,0.0458705557762545,Very Low,1
Comoros,KM,COM,AFR,2.0,850387,300,6.0,84.0,3.0,87.0,0.3,30.0,36.0,1.2,4,26101.0,18760.0,71.87,456.9516,0.180771405,37.26491895,17.2,,0.0352780557557911,Very Low,1
Democratic Republic of the Congo,CG,COG,AFR,30.0,6182884,23000,6900.0,2800.0,2400.0,5200.0,0.24,24.0,63.0,2.2,560,256018.0,171841.0,67.12,46.664000,0.331188736,64.51797964,12.2,40.8,0.3719946872689185,High,4
Cook Islands,CK,COK,WPR,0.0,14227,5,0.0,0.0,0.0,0.0,0.08,8.0,87.0,2.8,1,199.0,197.0,98.99,59.2583,,,27.0,,0.0351444436634568,Very Low,1
Costa Rica,CR,CRI,AMR,11.0,5105518,510,58.0,40.0,10.0,50.0,0.1,10.0,94.0,1.1,6,50205.0,46575.0,92.77,99.9907,0.002006301,0.540466641,8.9,6.1,0.009989192085896,Very Low,1
Cote d'Ivoire,CI,CIV,AFR,13.0,31165656,37000,4700.0,6300.0,1800.0,8000.0,0.23,23.0,59.0,2.6,1100,1201305.0,1048209.0,87.26,98.0052,0.235870996,46.06748402,8.8,16.6,0.1187204273832708,Moderate,3
Croatia,HR,HRV,EUR,0.95,3896036,140,1.0,34.0,1.0,57.0,0.42,42.0,190.0,0.55,1,32475.0,31486.0,96.95,69.7013,,,37.0,13.8,0.0035933959542468,Very Low,1
Cuba,CU,CUB,AMR,7.7,11019933,870,67.0,36.0,16.0,53.0,0.06,6.0,87.0,2.7,37,89608.0,89600.0,99.99,103.2235,0.002688705,0.706432026,17.4,,0.0078947848412508,Very Low,1
Curacao,CW,CUW,AMR,0.27,185427,6,0.0,0.27,0.08,,,,,3.5,0,,,,437.3278,,,,,0.0032357747253636,Very Low,1
Cyprus,CY,CYP,EUR,4.6,1344976,74,3.0,5.0,1.0,6.0,0.08,8.0,110.0,2.0,2,,,,145.5601,,,35.6,14.3,0.0055019569122423,Very Low,1
Czechia,CZ,CZE,EUR,6.0,10809715,520,31.0,36.0,6.0,41.0,0.08,8.0,87.0,4.9,28,3403.0,,,140.0168,,,29.9,11.5,0.0048104876030496,Very Low,1
North Korea,KP,PRK,SEA,0.2,26418201,135000,297.0,,,,,,,2.5,5200,305384.0,191081.0,62.57,219.4021,,,16.5,,0.5110113288940454,Critical,5
Denmark,DK,DNK,EUR,2.7,5948138,220,6.0,10.0,1.0,12.0,0.05,5.0,80.0,2.2,5,,,,140.3061,,,16.2,7.7,0.0036986364472377,Very Low,1
Djibouti,DJ,DJI,EMR,3.4,1152944,2500,85.0,270.0,19.0,290.0,0.12,12.0,,3.1,80,19447.0,17103.0,87.95,49.7387,,,,,0.21683620366644,Moderate,3
Dominica,DM,DMA,AMR,0.0,66511,11,0.0,2.0,0.0,2.0,0.18,18.0,38.0,2.8,1,658.0,625.0,94.98,88.6807,,,,,0.0165386176722647,Very Low,1
Dominican Republic,DO,DOM,AMR,23.0,11331267,4700,1100.0,150.0,310.0,460.0,0.1,10.0,93.0,6.0,300,185470.0,202407.0,109.13,234.5484,0.008786189,2.266607726,10.5,,0.0414781506781192,Very Low,1
Ecuador,EC,ECU,AMR,14.0,17980089,10000,1500.0,540.0,300.0,840.0,0.08,8.0,80.0,3.8,550,241750.0,236026.0,98.0,72.3952,0.007937439,2.091220723,10.2,7.4,0.0556170773125761,Low,2
Egypt,EG,EGY,EMR,1.1,114535766,11000,110.0,490.0,37.0,530.0,0.05,5.0,88.0,0.66,110,2049013.0,1981825.0,96.72,115.0593,0.019681797,5.238620107,24.7,42.4,0.0096039869327804,Very Low,1
El Salvador,SV,SLV,AMR,6.1,6309636,5300,320.0,77.0,68.0,150.0,0.03,3.0,80.0,1.2,88,75331.0,71214.0,94.53,304.5185,0.032462509,7.860885588,8.9,19.5,0.0839985064114633,Low,2
Equatorial Guinea,GQ,GNQ,AFR,63.0,1847547,5100,3200.0,270.0,910.0,1200.0,0.24,24.0,72.0,2.5,210,22654.0,19264.0,85.04,65.8663,,,,,0.2760416920381457,High,4
Eritrea,ER,ERI,AFR,2.5,3470390,2200,56.0,76.0,6.0,81.0,0.04,4.0,99.0,2.6,68,111830.0,79500.0,71.09,28.6468,,,,,0.0633934514564645,Low,2
Estonia,EE,EST,EUR,13.0,1367194,110,14.0,9.0,3.0,12.0,0.11,11.0,87.0,22.0,31,11817.0,8537.0,72.24,31.4544,,,28.3,4.7,0.0080456760342716,Very Low,1
Eswatini,SZ,SWZ,AFR,57.0,1230500,4300,2300.0,290.0,660.0,950.0,0.24,24.0,53.0,4.1,230,32075.0,29672.0,92.51,70.8694,0.08127132,19.21377529,9.5,,0.3494514425030475,High,4
Ethiopia,ET,ETH,AFR,8.3,128691689,188000,16000.0,25000.0,4400.0,29000.0,0.16,16.0,72.0,1.1,2600,3669038.0,3498115.0,95.34,128.6917,0.366604242,68.73685809,5.2,27.0,0.1460855797766396,Moderate,3
Fiji,FJ,FJI,WPR,18.0,924145,610,110.0,41.0,8.0,49.0,0.08,8.0,64.0,1.1,10,13424.0,5079.0,37.84,50.5827,0.005757663,1.511322398,27.6,,0.066006957782599,Low,2
Finland,FI,FIN,EUR,1.5,5601190,190,3.0,30.0,1.0,31.0,0.16,16.0,93.0,4.3,9,,,,18.5237,,,22.3,4.9,0.0033921363138904,Very Low,1
France,FR,FRA,EUR,5.2,66438822,5500,290.0,450.0,77.0,530.0,0.1,10.0,83.0,0.65,86,,,,120.4955,,,34.6,9.5,0.0082782924718322,Very Low,1
French Polynesia,PF,PYF,WPR,0.0,281128,40,0.0,3.0,0.0,3.0,0.08,8.0,87.0,6.9,3,,,,76.308000,,,,3.2,0.0142283941834324,Very Low,1
Gabon,GA,GAB,AFR,30.0,2484780,13000,3700.0,1900.0,1500.0,3500.0,0.29,29.0,53.0,3.6,640,84525.0,58561.0,69.28,9.6433,0.069695362,15.6015496,,16.9,0.5231851512005087,Critical,5
Gambia,GM,GMB,AFR,13.0,2697845,3800,480.0,470.0,140.0,600.0,0.16,16.0,72.0,0.76,36,93465.0,71226.0,76.21,266.5855,0.198023065,41.70908036,10.5,28.5,0.1408531624314962,Moderate,3
Georgia,GE,GEO,EUR,2.3,3807493,2100,48.0,67.0,17.0,83.0,0.04,4.0,62.0,9.9,280,40214.0,37990.0,94.0,54.7919,0.0012446,0.340125856,31.8,16.4,0.0551544021223413,Low,2
Germany,DE,DEU,EUR,2.6,84548229,4100,110.0,290.0,25.0,300.0,0.07,7.0,110.0,2.1,130,,,,242.5644,,,21.3,9.0,0.0048493032302308,Very Low,1
Ghana,GH,GHA,AFR,11.0,33787917,44000,4800.0,9900.0,2300.0,12000.0,0.31,31.0,44.0,1.7,770,1284229.0,1206850.0,93.97,148.4922,0.111218324,24.63710068,3.4,33.2,0.1302240679708074,Moderate,3
Greece,GR,GRC,EUR,2.8,10242906,540,15.0,42.0,3.0,54.0,0.1,10.0,87.0,2.0,14,,,,78.2977,,,32.8,17.4,0.005271941380698,Very Low,1
Greenland,GL,GRL,EUR,0.0,55922,56,0.0,5.0,0.0,5.0,0.08,8.0,87.0,2.2,1,,,,0.1362,,,,,0.100139479989986,Moderate,3
Grenada,GD,GRD,AMR,0.0,117082,6,0.0,2.0,0.0,2.0,0.44,44.0,87.0,2.9,0,,,,344.3559,,,,4.1,0.0051246135187304,Very Low,1
Guam,GU,GUM,WPR,0.0,166502,52,0.0,4.0,0.0,4.0,0.08,8.0,87.0,2.6,1,,,,307.7754,,,,,0.0312308560858127,Very Low,1
Guatemala,GT,GTM,AMR,8.1,18124838,5900,480.0,390.0,160.0,550.0,0.1,10.0,80.0,1.9,150,345359.0,304958.0,88.3,169.1381,0.13351782,28.8818282,11.9,18.7,0.0325520150855969,Very Low,1
Guinea,GN,GIN,AFR,17.0,14405463,25000,4400.0,2300.0,1000.0,3300.0,0.14,14.0,80.0,1.2,450,544896.0,510401.0,93.67,58.6255,0.373221634,66.21110211,,13.9,0.1735452723734044,Moderate,3
Guinea-Bissau,GW,GNB,AFR,30.0,2153342,7800,2400.0,1600.0,1000.0,2600.0,0.35,35.0,34.0,1.6,160,77599.0,63146.0,81.37,76.5768,0.340688723,64.39631048,8.2,,0.3622276442850229,High,4
Guyana,GY,GUY,AMR,22.0,826356,530,120.0,140.0,10.0,150.0,0.29,29.0,80.0,2.2,15,14040.0,14700.0,104.7,4.1979,0.007164709,1.823614935,11.1,17.1,0.0641370063265711,Low,2
Haiti,HT,HTI,AMR,14.0,11637406,17000,2400.0,920.0,1100.0,2100.0,0.12,12.0,68.0,3.0,730,274088.0,246395.0,89.9,422.119000,0.199587694,41.26889832,8.1,,0.1460806643679871,Moderate,3
Honduras,HN,HND,AMR,6.2,10644848,3300,200.0,490.0,49.0,540.0,0.17,17.0,80.0,1.7,58,201319.0,144505.0,71.78,97.5929,0.051154169,11.9749224,12.3,15.1,0.0310009123662451,Very Low,1
Hungary,HU,HUN,EUR,1.1,9686464,570,6.0,56.0,1.0,63.0,0.11,11.0,87.0,3.9,29,87089.0,86921.0,99.81,106.9973,,,32.2,12.0,0.0058845002675899,Very Low,1
Iceland,IS,ISL,EUR,2.1,387551,12,0.0,1.0,0.0,2.0,0.2,20.0,110.0,1.1,0,,,,3.8662,,,9.4,4.0,0.0030963666717412,Very Low,1
India,IN,IND,SEA,1.5,1438069593,2800000,42000.0,315000.0,8200.0,323000.0,0.12,12.0,85.0,2.5,110000,26576295.0,23697675.0,89.17,483.679000,0.068810564,16.39280601,24.3,54.4,0.1947054588755219,Moderate,3
Indonesia,ID,IDN,SEA,2.3,281190070,1090000,25000.0,125000.0,6200.0,131000.0,0.12,12.0,74.0,2.1,30000,4438677.0,3036525.0,68.41,147.1482,0.014010749,3.619007037,38.2,37.1,0.3876381552165053,High,4
Iran,IR,IRN,EMR,1.7,90608706,9800,160.0,910.0,87.0,1000.0,0.1,10.0,76.0,1.6,190,1068191.0,1057986.0,99.04,55.6308,,,13.3,,0.010815737728337,Very Low,1
Iraq,IQ,IRQ,EMR,0.0,45074055,9400,0.0,720.0,0.0,720.0,0.08,8.0,74.0,3.6,450,1093454.0,1019680.0,93.25,103.8266,0.032694322,8.635418988,19.2,43.8,0.0208545692194767,Very Low,1
Ireland,IE,IRL,EUR,3.6,5196629,240,9.0,19.0,2.0,21.0,0.09,9.0,87.0,1.5,6,,,,76.0108,,,19.3,6.3,0.0046183785681063,Very Low,1
Israel,IL,ISR,EUR,4.4,9256311,260,12.0,22.0,2.0,24.0,0.09,9.0,87.0,8.2,22,,,,427.6817,,,20.4,17.8,0.0028088943856791,Very Low,1
Italy,IT,ITA,EUR,5.2,59499452,2600,140.0,300.0,34.0,330.0,0.13,13.0,100.0,2.8,73,,,,201.0286,,,22.4,15.0,0.0043697881452756,Very Low,1
Jamaica,JM,JAM,AMR,17.0,2839791,90,16.0,8.0,2.0,10.0,0.11,11.0,92.0,0.66,1,29226.0,28922.0,98.96,262.2148,0.010810292,2.775662196,9.7,7.1,0.003169247314327,Very Low,1
Japan,JP,JPN,WPR,0.53,124370948,12000,61.0,3200.0,16.0,3400.0,0.3,30.0,87.0,2.8,390,830000.0,807784.0,97.32,330.0505,,,19.2,9.6,0.009648555545303,Very Low,1
Jordan,JO,JOR,EMR,0.0,11439215,390,0.0,10.0,0.0,10.0,0.03,3.0,65.0,2.6,11,179963.0,161580.0,89.79,128.8287,0.00152592,0.43120324,35.6,,0.0034093248531477,Very Low,1
Kazakhstan,KZ,KAZ,EUR,6.2,20330099,14000,880.0,360.0,280.0,640.0,0.05,5.0,67.0,33.0,5600,391910.0,362994.0,92.62,7.5305,0.001610633,0.452977897,22.2,22.2,0.0688634128146646,Low,2
Kenya,KE,KEN,AFR,24.0,55339007,124000,28000.0,15000.0,8000.0,23000.0,0.2,20.0,77.0,0.82,1200,1692368.0,1367709.0,80.82,95.2925,0.170776075,37.47714545,10.7,10.6,0.2240734099186131,Moderate,3
Kiribati,KI,KIR,WPR,37.0,132526,710,0.0,37.0,0.07,426.0,100.0,,,1.0,10,3384.0,3417.0,100.98,182.5489,0.080157405,19.80259103,39.7,,0.5357439294930806,Critical,5
Kuwait,KW,KWT,EMR,0.49,4838777,470,2.0,18.0,1.0,25.0,0.05,5.0,87.0,2.0,11,48468.0,49905.0,102.96,271.567000,,,19.9,39.9,0.0097131981903691,Very Low,1
Kyrgyzstan,KG,KGZ,EUR,3.5,7073516,7900,280.0,270.0,100.0,370.0,0.05,5.0,53.0,24.0,2500,147615.0,140424.0,95.13,36.8796,0.001425965,0.393031079,27.3,33.1,0.111684203442814,Moderate,3
Lao,LA,LAO,WPR,4.7,7664987,10000,470.0,680.0,76.0,760.0,0.08,8.0,90.0,0.5,62,154050.0,144859.0,94.03,33.2105,0.10833325,23.07234577,27.2,29.6,0.1304633654303653,Moderate,3
Latvia,LV,LVA,EUR,9.2,1882395,300,27.0,55.0,7.0,70.0,0.24,24.0,,9.5,32,14121.0,13773.0,97.54,30.2505,,,33.9,8.0,0.0159371439044408,Very Low,1
Lebanon,LB,LBN,EMR,0.84,5773500,580,5.0,47.0,1.0,48.0,0.08,8.0,87.0,1.1,7,,,,564.3688,,,34.3,,0.0100458993678011,Very Low,1
Lesotho,LS,LSO,AFR,58.0,2311476,15000,8400.0,1600.0,3700.0,5300.0,0.37,37.0,42.0,3.1,540,32702.0,20755.0,63.47,76.1354,0.084359191,19.60454173,24.3,,0.6489360045269775,Critical,5
Liberia,LR,LBR,AFR,11.0,5493031,17000,1800.0,3900.0,800.0,4700.0,0.29,29.0,44.0,2.1,360,204179.0,201347.0,98.61,57.029000,0.259293731,52.32307452,8.2,,0.3094830522529365,High,4
Libya,LY,LBY,EMR,3.6,7305660,4300,160.0,890.0,64.0,950.0,0.23,23.0,54.0,1.1,63,274619.0,274619.0,100.0,4.3585,0.007421465,1.998518943,,30.4,0.0588584741145906,Low,2
Lithuania,LT,LTU,EUR,4.2,2854095,810,34.0,110.0,6.0,130.0,0.16,16.0,87.0,16.0,160,18476.0,17220.0,93.2,45.5773,,,31.4,10.4,0.0283802746579914,Very Low,1
Luxembourg,LU,LUX,EUR,7.1,665098,48,3.0,1.0,0.0,2.0,0.05,5.0,87.0,1.3,1,,,,256.7946,,,23.0,8.9,0.007216981557605,Very Low,1
Madagascar,MG,MDG,AFR,2.9,31195929,73000,2100.0,12000.0,720.0,13000.0,0.19,19.0,64.0,1.1,1100,1121800.0,945797.0,84.31,53.6201,0.385927412,68.41886184,26.8,20.6,0.2340048921126856,Moderate,3
Malawi,MW,MWI,AFR,47.0,21104478,25000,12000.0,1700.0,3100.0,4800.0,0.21,21.0,75.0,2.3,680,791315.0,698186.0,88.0,223.205000,0.231095204,49.88338698,9.7,,0.1184582722207107,Moderate,3
Malaysia,MY,MYS,WPR,4.0,35126304,43000,1700.0,2500.0,600.0,3100.0,0.07,7.0,61.0,0.87,580,423124.0,448950.0,106.1,106.9131,,,22.0,22.5,0.1224153842089392,Moderate,3
Maldives,MV,MDV,SEA,0.0,525988,210,0.0,8.0,0.0,8.0,0.04,4.0,56.0,0.82,2,5881.0,5910.0,100.49,1753.3133,0.002654094,0.771989036,26.3,15.3,0.0399248652060503,Very Low,1
Mali,ML,MLI,AFR,6.6,23769129,11000,750.0,1500.0,210.0,1700.0,0.16,16.0,73.0,0.92,150,997973.0,930633.0,93.25,19.4799,0.376062922,68.33225113,8.0,,0.0462785152960379,Very Low,1
Malta,MT,MLT,EUR,5.6,532959,78,4.0,1.0,1.0,2.0,0.03,3.0,87.0,1.3,1,,,,1691.9238,,,24.7,12.0,0.0146352721316273,Very Low,1
Marshall Islands,MH,MHL,WPR,0.0,38833,270,0.0,30.0,0.0,30.0,0.11,11.0,80.0,1.4,5,799.0,797.0,99.75,215.7056,,,29.8,,0.695284938068138,Critical,5
Mauritania,MR,MRT,AFR,2.5,5022448,3700,94.0,610.0,31.0,650.0,0.18,18.0,65.0,1.3,60,162490.0,165624.0,101.93,4.8728,0.327037248,58.44808274,9.5,,0.0736692545149297,Low,2
Mauritius,MU,MUS,AFR,17.0,1273587,160,26.0,11.0,18.0,29.0,0.19,19.0,66.0,1.2,2,12703.0,10506.0,82.7,627.3833,,,20.9,3.5,0.0125629423039022,Very Low,1
Mexico,MX,MEX,AMR,11.0,129739759,37000,4200.0,2800.0,1800.0,4600.0,0.13,13.0,73.0,2.5,1300,1802216.0,1612389.0,89.47,66.2192,0.016492114,4.069145229,14.9,20.1,0.0285186285878641,Very Low,1
Micronesia,FM,FSM,WPR,0.48,112635,260,1.0,29.0,0.0,29.0,0.11,11.0,80.0,0.83,2,1694.0,1296.0,76.51,160.9007,,,,,0.2308341101788964,Moderate,3
Monaco,MC,MCO,EUR,0.08,38955,0,0.0,0.08,0.08,,,,,2.1,0,,,,26145.302000,,,,,0.0,Very Low,1
Mongolia,MN,MNG,WPR,0.11,3431928,17000,18.0,400.0,11.0,410.0,0.03,3.0,18.0,6.7,1200,64306.0,64050.0,99.6,2.2035,0.02812682,7.258448585,29.5,22.5,0.4953483872622036,Critical,5
Montenegro,ME,MNE,EUR,3.2,633551,90,3.0,1.0,0.0,1.0,0.01,1.0,69.0,0.53,1,6897.0,5515.0,79.96,45.8697,0.0048989,1.235764775,32.0,21.3,0.0142056440602256,Very Low,1
Montserrat,MS,MSR,AMR,0.0,4424,0,0.0,0.0,,,,,,2.7,0,35.0,30.0,85.71,42.9175,,,,,0.0,Very Low,1
Morocco,MA,MAR,EMR,1.2,37712505,35000,410.0,1900.0,54.0,1900.0,0.06,6.0,94.0,1.2,580,,,,84.5003,0.026696723,6.359700642,13.0,,0.0928074122893719,Low,2
Mozambique,MZ,MOZ,AFR,23.0,33635160,121000,28000.0,4400.0,3300.0,7700.0,0.07,7.0,96.0,3.0,4200,1115979.0,1526338.0,136.77,42.7721,0.371564498,61.93322209,,,0.3597426026812419,High,4
Myanmar,MM,MMR,SEA,6.6,54133801,302000,20000.0,44000.0,5300.0,49000.0,0.17,17.0,43.0,3.4,13000,964649.0,774592.0,80.3,82.8633,0.175846225,38.31585812,44.4,28.2,0.5578769538093215,Critical,5
Namibia,NA,NAM,AFR,30.0,2963092,14000,4000.0,1600.0,1300.0,2900.0,0.22,22.0,67.0,4.1,630,98468.0,89722.0,91.12,3.5991,0.184734535,40.88101083,14.1,,0.4724794235211056,Critical,5
Nauru,NR,NRU,WPR,0.0,11864,21,0.0,2.0,0.0,2.0,0.08,8.0,87.0,1.4,0,,,,593.75,,,48.3,,0.177006068779501,Moderate,3
Nepal,NP,NPL,SEA,0.63,29694620,68000,430.0,16000.0,200.0,16000.0,0.26,26.0,54.0,4.0,3000,515533.0,526791.0,102.18,201.7558,0.074398902,17.50459553,28.3,42.4,0.2289977106964157,Moderate,3
Netherlands,NL,NLD,EUR,4.1,18092527,820,34.0,19.0,6.0,35.0,0.04,4.0,87.0,2.6,26,,,,537.3326,,,21.3,8.7,0.0045322579869578,Very Low,1
New Caledonia,NC,NCL,WPR,1.0,289868,37,0.0,1.0,0.08,11.0,100.0,,,1.0,1,,,,15.8572,,,,,0.0127644307063904,Very Low,1
New Zealand,NZ,NZL,WPR,0.34,5172833,340,1.0,14.0,0.0,14.0,0.04,4.0,87.0,1.9,8,60778.0,7929.0,13.05,19.5273,,,12.2,4.3,0.0065728006297516,Very Low,1
Nicaragua,NI,NIC,AMR,6.6,6823619,2900,190.0,130.0,59.0,190.0,0.07,7.0,73.0,1.4,50,126204.0,111141.0,88.06,56.7028,0.074494892,16.4601998,,15.7,0.0424994420116363,Very Low,1
Niger,NE,NER,AFR,2.6,26159867,19000,500.0,2100.0,120.0,2200.0,0.12,12.0,80.0,2.7,590,1057853.0,1245118.0,117.7,20.652000,0.601279812,90.97115762,7.7,,0.0726303386787096,Low,2
Nigeria,NG,NGA,AFR,4.9,227882944,499000,25000.0,64000.0,6700.0,71000.0,0.15,15.0,74.0,1.6,9400,8882982.0,8132090.0,91.55,250.2091,0.174817302,33.04406638,3.3,23.9,0.218972070151946,Moderate,3
Niue,NU,NIU,WPR,1.0,1816,1,0.0,0.0,0.0,0.0,0.45,45.0,0.0,2.1,0,21.0,19.0,90.48,6.9904,,,,,0.0550660792951541,Low,2
North Macedonia,MK,MKD,EUR,0.66,1831803,190,1.0,9.0,0.0,22.0,0.12,12.0,83.0,1.0,3,,,,73.5279,0.001422063,0.371856627,,25.2,0.0103722944006533,Very Low,1
Northern Mariana Islands,MP,MNP,WPR,0.0,45150,25,0.0,2.0,0.0,2.0,0.08,8.0,87.0,2.4,1,,,,98.7812,,,,,0.0553709856035437,Low,2
Norway,NO,NOR,EUR,2.4,5519169,160,4.0,19.0,2.0,20.0,0.13,13.0,86.0,6.8,12,,,,18.1417,,,14.2,6.3,0.0028989871482464,Very Low,1
Palestinian territory,PS,PSE,EMR,0.0,5409200,19,0.0,2.0,0.0,2.0,0.11,11.0,80.0,1.9,0,140024.0,121624.0,86.86,898.5385,0.001980092,0.5661842,,18.6,0.000351253420099,Very Low,1
Oman,OM,OMN,EMR,1.4,5049264,560,8.0,18.0,2.0,20.0,0.04,4.0,87.0,1.5,8,72699.0,72699.0,100.0,16.3143,,,8.4,,0.0110907253017469,Very Low,1
Pakistan,PK,PAK,EMR,0.39,247504499,686000,2700.0,47000.0,1500.0,49000.0,0.07,7.0,69.0,2.1,15000,7278023.0,7640540.0,104.98,321.0675,0.198247395,38.33213061,18.9,73.7,0.2771666788974208,High,4
Palau,PW,PLW,WPR,0.0,17725,17,0.0,1.0,0.0,1.0,0.08,8.0,87.0,2.5,1,,,,38.538000,,,17.3,,0.0959097320169252,Low,2
Panama,PA,PAN,AMR,17.0,4458759,2600,440.0,180.0,41.0,230.0,0.09,9.0,80.0,4.3,130,59455.0,59455.0,100.0,60.1097,,,5.2,9.6,0.0583121895576773,Low,2
Papua New Guinea,PG,PNG,WPR,5.6,10389640,45000,2500.0,2800.0,380.0,3200.0,0.07,7.0,91.0,4.9,2200,353333.0,152537.0,43.17,22.9423,0.2632909,56.6286273,39.6,,0.433123765597268,Critical,5
Paraguay,PY,PRY,AMR,8.9,6844149,4300,380.0,180.0,120.0,290.0,0.07,7.0,87.0,0.43,29,142485.0,93627.0,65.71,16.9216,0.018848581,4.500745405,10.7,,0.0628273873055656,Low,2
Peru,PE,PER,AMR,6.0,33845605,59000,3500.0,4800.0,760.0,5600.0,0.1,10.0,54.0,7.0,4900,480500.0,419980.0,87.4,26.4401,0.025803219,6.630745036,7.1,18.8,0.1743210085918097,Moderate,3
Philippines,PH,PHL,WPR,0.72,114891201,739000,5400.0,37000.0,760.0,37000.0,0.06,6.0,78.0,2.3,29000,2187333.0,1464515.0,66.95,382.9707,0.024249342,5.795981884,20.4,13.5,0.6432172294900113,Critical,5
Poland,PL,POL,EUR,1.1,38762846,3900,45.0,480.0,12.0,600.0,0.15,15.0,110.0,1.4,68,272451.0,247701.0,90.92,126.5957,,,23.6,14.1,0.0100611807502472,Very Low,1
Portugal,PT,PRT,EUR,11.0,10430739,1600,180.0,250.0,37.0,280.0,0.17,17.0,92.0,0.87,20,,,,113.3961,,,25.6,6.8,0.0153392774951036,Very Low,1
Puerto Rico,PR,PRI,AMR,5.0,3242019,23,1.0,6.0,0.0,6.0,0.26,26.0,87.0,2.2,1,,,,372.9892,,,,4.5,0.0007094344604396,Very Low,1
Qatar,QA,QAT,EMR,0.55,2979081,1000,6.0,8.0,0.0,9.0,0.01,1.0,87.0,2.0,21,28157.0,27809.0,98.8,257.1277,,,12.5,37.6,0.033567398805202,Very Low,1
Republic of Korea,KR,KOR,WPR,2.9,51748740,20000,0.06,3.0,0.08,35.0,100.0,,,2.9,790,232498.0,227812.0,97.98,523.0157,,,20.0,19.2,0.0386482839968663,Very Low,1
Republic of Moldova,MD,MDA,EUR,13.0,3067072,2300,290.0,61.0,140.0,200.0,0.09,9.0,93.0,27.0,820,26939.0,25945.0,96.3,93.275000,0.003533905,0.943633181,29.7,15.7,0.0749900882665943,Low,2
Romania,RO,ROU,EUR,2.3,19118479,10000,240.0,960.0,43.0,1000.0,0.1,10.0,87.0,2.3,440,142432.0,125351.0,88.01,83.0964,,,30.0,15.7,0.0523054161369217,Low,2
Russian Federation,RU,RUS,EUR,25.0,145440499,55000,14000.0,5200.0,1300.0,6500.0,0.13,13.0,100.0,37.0,30000,1116339.0,1069609.0,95.81,8.8815,,,29.2,10.0,0.0378161518821521,Very Low,1
Rwanda,RW,RWA,AFR,12.0,13954478,7700,950.0,250.0,100.0,350.0,0.05,5.0,120.0,1.2,110,372310.0,342002.0,91.9,576.3929,0.231001962,48.82240187,14.3,36.8,0.0551794198249479,Low,2
Saint Kitts and Nevis,KN,KNA,AMR,0.0,46760,1,0.0,1.0,0.0,1.0,0.79,79.0,87.0,2.6,0,587.0,558.0,95.06,179.8385,,,,,0.0021385799828913,Very Low,1
Saint Lucia,LC,LCA,AMR,0.0,179278,2,0.0,1.0,0.0,1.0,0.44,44.0,87.0,2.8,0,1760.0,1619.0,91.99,291.0463,0.007201862,1.921131178,13.8,,0.001115585849909,Very Low,1
Saint Vincent + Grenadines,VC,VCT,AMR,20.0,101318,14,3.0,1.0,0.0,1.0,0.07,7.0,28.0,1.9,0,1204.0,1180.0,98.01,259.8013,,,,,0.0138178803371562,Very Low,1
Samoa,WS,WSM,WPR,0.0,216661,11,0.0,1.0,0.0,1.0,0.08,8.0,,1.5,0,5229.0,5187.0,99.2,76.5594,0.02460049,6.288498686,22.5,,0.0050770558614609,Very Low,1
San Marino,SM,SMR,EUR,0.0,33728,0,0.0,0.0,,,,,,2.3,0,,,,552.9918,,,,,0.0,Very Low,1
Sao Tome and Principe,ST,STP,AFR,15.0,230871,260,37.0,59.0,19.0,77.0,0.35,35.0,41.0,3.7,12,5815.0,4652.0,80.0,240.4911,0.047923375,11.71226373,7.8,,0.1126170025685339,Moderate,3
Saudi Arabia,SA,SAU,EMR,2.3,33264294,2800,65.0,170.0,10.0,180.0,0.07,7.0,91.0,1.2,45,482846.0,465521.0,96.41,15.47400,,,14.9,26.5,0.0084174340209956,Very Low,1
Senegal,SN,SEN,AFR,3.9,18077568,20000,780.0,1800.0,160.0,2000.0,0.1,10.0,84.0,0.81,210,620133.0,,,93.8948,0.262861973,50.83237811,6.5,28.2,0.1106343508153309,Moderate,3
Serbia,RS,SRB,EUR,0.31,6773199,930,3.0,27.0,0.0,27.0,0.03,3.0,110.0,0.99,13,58891.0,57434.0,97.53,88.2663,0.000433114,0.113673673,39.5,20.5,0.0137305872749346,Very Low,1
Seychelles,SC,SYC,AFR,10.0,127954,26,3.0,0.0,0.0,1.0,0.02,2.0,87.0,1.1,0,1553.0,1539.0,99.1,279.9792,0.002963461,0.865757579,20.2,,0.0203198024289979,Very Low,1
Sierra Leone,SL,SLE,AFR,13.0,8460512,24000,3200.0,1300.0,470.0,1800.0,0.08,8.0,92.0,1.2,340,347584.0,271671.0,78.16,117.93300,0.292899307,59.22196286,12.9,,0.2836707754802546,High,4
Singapore,SG,SGP,WPR,1.3,5789094,2400,31.0,23.0,8.0,33.0,0.01,1.0,87.0,2.0,49,31391.0,30632.0,97.6,8475.9729,,,16.4,13.4,0.0414572642973149,Very Low,1
Sint Maarten,SX,SXM,AMR,0.66,42744,3,0.0,0.66,0.08,7.0,100.0,,,4.0,0,,,,1257.3235,,,,,0.0070185289163391,Very Low,1
Slovakia,SK,SVK,EUR,3.1,5518055,240,7.0,14.0,1.0,36.0,0.15,15.0,87.0,2.5,10,,,,112.5376,,,32.4,13.1,0.0043493586055231,Very Low,1
Slovenia,SI,SVN,EUR,2.9,2118401,98,3.0,14.0,0.0,15.0,0.15,15.0,87.0,0.51,1,,,,105.194000,,,20.1,14.9,0.0046261307467283,Very Low,1
Solomon Islands,SB,SLB,WPR,6.0,800007,440,0.0,6.0,0.11,44.0,100.0,,,1.5,7,16217.0,13416.0,82.73,27.7818,,,36.9,,0.0549995187542109,Low,2
Somalia,SO,SOM,EMR,0.59,18358618,45000,260.0,12000.0,130.0,12000.0,0.28,28.0,42.0,3.3,1600,713451.0,618829.0,86.74,29.2642,,,,,0.2451164897052708,High,4
South Africa,ZA,ZAF,AFR,54.0,63212382,270000,145000.0,25000.0,31000.0,56000.0,0.22,22.0,79.0,3.1,13000,1135768.0,894857.0,78.79,51.7789,0.024890643,6.256881704,20.7,19.9,0.42713150724173,Critical,5
South Sudan,SS,SSD,AFR,11.0,11483372,26000,2900.0,1500.0,420.0,1900.0,0.07,7.0,92.0,1.6,540,497761.0,477135.0,96.0,20.355000,,,,,0.2264143319575469,Moderate,3
Spain,ES,ESP,EUR,6.8,47911585,2800,190.0,170.0,59.0,320.0,0.11,11.0,140.0,3.7,98,,,,95.3741,,,28.4,9.9,0.0058440980401712,Very Low,1
Sri Lanka,LK,LKA,SEA,0.48,22971614,14000,68.0,800.0,25.0,820.0,0.06,6.0,65.0,0.51,98,247900.0,245790.0,99.15,366.3443,0.011184699,2.920717924,19.5,19.3,0.0609447816770732,Low,2
Sudan,SD,SDN,EMR,2.2,50042786,25000,550.0,5400.0,230.0,5600.0,0.23,23.0,53.0,2.6,790,2042361.0,1007685.0,49.34,28.3521,0.279439589,52.32804165,,,0.0499572505815323,Very Low,1
Suriname,SR,SUR,AMR,12.0,628883,180,21.0,10.0,16.0,26.0,0.14,14.0,67.0,9.9,21,,,,4.0313,0.011232468,2.853739736,,10.6,0.0286221761440522,Very Low,1
Sweden,SE,SWE,EUR,2.2,10551490,390,9.0,19.0,2.0,25.0,0.07,7.0,87.0,3.9,19,,,,25.9034,,,22.7,5.1,0.0036961604474818,Very Low,1
Switzerland,CH,CHE,EUR,4.6,8870559,470,22.0,18.0,4.0,22.0,0.05,5.0,87.0,2.6,24,,,,221.8084,,,25.5,8.9,0.0052984259503826,Very Low,1
Syrian Arab Republic,SY,SYR,EMR,0.1,23594622,4000,4.0,32.0,1.0,32.0,0.01,1.0,85.0,1.4,68,573944.0,442951.0,77.18,128.4341,,,,,0.0169530158186047,Very Low,1
Tajikistan,TJ,TJK,EUR,3.0,10389800,8200,250.0,760.0,100.0,870.0,0.11,11.0,54.0,26.0,2200,246316.0,243355.0,98.8,72.6052,0.029005923,7.444606288,,49.0,0.0789235596450364,Low,2
Thailand,TH,THA,SEA,8.5,71702430,113000,9400.0,11000.0,2000.0,13000.0,0.12,12.0,71.0,1.9,2900,285121.0,271276.0,95.1,140.3481,0.002120682,0.577791488,19.2,23.3,0.1575957746480837,Moderate,3
Timor-Leste,TL,TLS,SEA,0.91,1384286,6900,63.0,550.0,11.0,560.0,0.08,8.0,87.0,0.71,61,32153.0,37613.0,116.98,93.0925,0.22151424,48.25369956,38.7,,0.4984519095042499,Critical,5
Togo,TG,TGO,AFR,13.0,9304336,2800,370.0,80.0,36.0,120.0,0.04,4.0,110.0,0.5,17,372676.0,287665.0,77.19,171.0671,0.179616257,37.61229535,6.4,16.3,0.0300934961936026,Very Low,1
Tokelau,TK,TKL,WPR,8.3,2397,0,0.0,8.3,0.44,0.0,0.0,,,2.2,0,27.0,100.0,,199.7917,,,,,0.0,Very Low,1
Tonga,TO,TON,WPR,0.0,104595,9,0.0,1.0,0.0,1.0,0.08,8.0,87.0,1.3,0,1864.0,1845.0,98.98,160.9192,0.003336155,0.874608114,31.3,,0.0086046178115588,Very Low,1
Trinidad and Tobago,TT,TTO,AMR,20.0,1502931,320,65.0,22.0,18.0,39.0,0.12,12.0,87.0,1.1,5,,,,292.9693,0.002417925,0.636560673,,5.8,0.0212917292942922,Very Low,1
Tunisia,TN,TUN,EMR,0.73,12200425,4600,33.0,140.0,12.0,150.0,0.03,3.0,68.0,1.2,65,147114.0,115622.0,78.59,78.4947,0.002887731,0.791433611,20.5,,0.0377036045875451,Very Low,1
Türkiye,TR,TUR,EUR,1.3,87270497,12000,150.0,320.0,57.0,370.0,0.03,3.0,81.0,2.5,330,958408.0,920155.0,96.01,113.3966,,,30.5,20.3,0.0137503513930945,Very Low,1
Turkmenistan,TM,TKM,EUR,22.0,7364441,3600,810.0,750.0,170.0,920.0,0.26,26.0,,33.0,1600,979.0,,,15.6714,0.000849177,0.249407157,5.6,,0.0488835473052197,Very Low,1
Turks and Caicos Islands,TC,TCA,AMR,14.0,46206,8,1.0,1.0,0.0,1.0,0.1,10.0,87.0,2.7,1,576.0,574.0,99.65,48.6295,,,,,0.017313768774618,Very Low,1
Tuvalu,TV,TUV,WPR,0.0,9806,29,0.0,6.0,0.0,6.0,0.21,21.0,55.0,1.8,1,259.0,259.0,100.0,327.1833,0.008084608,2.114435904,33.7,,0.2957373036916174,High,4
Uganda,UG,UGA,AFR,37.0,48656595,96000,36000.0,4200.0,5700.0,9900.0,0.11,11.0,90.0,1.1,1200,2207138.0,1794676.0,81.31,243.518000,0.281028478,57.16848546,7.5,27.3,0.1973011058418699,Moderate,3
Ukraine,UA,UKR,EUR,25.0,37732841,42000,9800.0,2600.0,3700.0,6400.0,0.16,16.0,47.0,28.0,13000,204009.0,170407.0,83.53,65.1330000,0.000840432,0.244237337,24.9,8.6,0.1113088728198335,Moderate,3
United Arab Emirates,AE,ARE,EMR,5.4,10642078,85,5.0,72.0,0.0,72.0,0.85,85.0,87.0,1.4,1,78000.0,77093.0,98.84,149.8378,,,9.0,43.0,0.0007987161905785,Very Low,1
United Kingdom,GB,GBR,EUR,3.5,68682959,5200,180.0,240.0,32.0,350.0,0.07,7.0,100.0,1.8,100,,,,282.9475,,,14.2,7.7,0.007571019181046,Very Low,1
Tanzania,TZ,TZA,AFR,17.0,66617605,122000,21000.0,13000.0,5400.0,18000.0,0.17,17.0,76.0,0.94,1300,2418647.0,3830309.0,158.37,75.2059,0.284179311,57.06772711,9.3,,0.1831347734581571,Moderate,3
United States of America,US,USA,AMR,4.9,343477333,11000,520.0,540.0,86.0,660.0,0.06,6.0,87.0,1.5,220,,,,37.5484,,,24.3,9.1,0.0032025402968876,Very Low,1
Uruguay,UY,URY,AMR,13.0,3388075,1400,190.0,130.0,30.0,160.0,0.11,11.0,87.0,0.73,17,31538.0,31298.0,99.24,19.5621,,,20.5,11.7,0.0413213993196726,Very Low,1
Uzbekistan,UZ,UZB,EUR,3.3,35652303,20000,680.0,450.0,110.0,560.0,0.03,3.0,68.0,16.0,3900,948976.0,945450.0,99.63,83.8089,0.006103756,1.729536493,16.7,28.6,0.0560973578621274,Low,2
Vanuatu,VU,VUT,WPR,1.2,320409,130,2.0,17.0,0.0,17.0,0.13,13.0,76.0,2.4,4,9251.0,7922.0,86.0,26.2845,,,,,0.0405731424523031,Very Low,1
Venezuela,VE,VEN,AMR,7.8,28300854,13000,980.0,580.0,340.0,920.0,0.07,7.0,81.0,4.0,610,528194.0,353504.0,66.93,30.8811,,,,,0.0459350095937034,Very Low,1
Viet Nam,VN,VNM,WPR,2.5,100352197,182000,4600.0,11000.0,2400.0,13000.0,0.07,7.0,57.0,4.4,9900,1267834.0,1205427.0,95.08,320.1956,0.007729395,1.919120523,22.5,29.6,0.1813612511144125,Moderate,3
Wallis and Futuna,WF,WLF,WPR,0.15,11377,0,0.0,0.15,0.08,,,,,1.8,0,,,,81.2179,,,,,0.0,Very Low,1
Yemen,YE,YEM,EMR,0.72,39390797,19000,140.0,3700.0,51.0,3700.0,0.2,20.0,58.0,1.9,420,1254398.0,802445.0,63.97,74.608000,0.245166461,48.46642878,21.4,,0.0482346168319468,Very Low,1
Zambia,ZM,ZMB,AFR,32.0,20723959,59000,19000.0,2400.0,2600.0,5000.0,0.09,9.0,93.0,1.9,1700,877840.0,707320.0,80.58,27.8776,0.231685073,47.90613054,14.6,24.1,0.2846946377378955,High,4
Zimbabwe,ZW,ZWE,AFR,62.0,16340822,35000,21000.0,2400.0,5500.0,7900.0,0.24,24.0,56.0,1.6,760,539232.0,482999.0,89.57,42.2407,0.109941785,25.80003835,11.3,33.3,0.2141875114972796,Moderate,3
